Z,D,Y
1,0,97.92999818
0,0,99.03401145
0,0,94.60055123
0,0,97.69144872
0,0,101.6927047
1,0,97.45726418
0,0,99.52499801
1,1,104.5004938
1,1,104.0537865
1,0,97.85419234
0,1,99.84202487
0,0,98.01101077
1,1,101.6985043
1,1,105.3111366
1,1,101.3342048
0,1,102.3978747
0,0,101.507216
0,1,99.13826545
0,0,98.40303485
0,0,98.46306129
1,1,104.6967549
0,0,100.1690438
1,0,96.70946667
0,1,102.2941584
0,0,99.71698185
0,1,102.5278389
0,0,99.69773131
1,1,101.1937982
0,1,104.6305467
1,1,100.3937553
0,0,102.2085012
1,1,101.1721304
0,0,100.3825048
0,1,103.3345071
1,0,97.75017588
0,0,99.19179244
1,1,102.3047499
1,1,101.8533079
0,1,101.8776952
0,1,102.0578285
0,0,103.5252871
1,1,99.4905158
0,0,97.47142043
0,0,99.3607697
1,1,102.3001746
0,0,99.80337321
0,0,97.11672824
0,0,98.71115087
0,0,98.75466301
0,0,97.12334355
0,0,95.92171513
0,0,99.59996566
0,0,100.5094343
1,1,101.7720419
0,0,100.103882
1,1,102.6692389
0,1,102.2020143
0,0,99.64004364
0,0,100.6348682
1,0,97.35485855
1,1,102.4310446
0,0,99.53141781
0,1,104.1301923
0,0,103.4072411
1,1,103.040787
1,1,101.7264104
0,1,102.560064
0,0,99.74249905
1,1,103.6241899
1,1,101.4611284
0,1,105.5588719
1,1,102.9044041
1,0,99.23377496
1,1,104.0384997
0,0,102.0067759
1,1,102.9403477
1,0,99.06201306
0,0,99.64446597
1,0,97.39147855
1,1,103.220105
1,0,99.98104678
1,1,101.940244
0,0,99.1170251
1,1,100.0376517
1,0,100.5592014
1,1,101.6686614
0,0,99.6343476
1,0,99.4114366
0,0,97.36821778
0,1,103.8433672
1,1,104.7149678
1,1,102.1962507
0,0,101.221583
0,0,99.16759087
1,1,100.4703498
0,0,99.33680987
1,1,102.8466486
1,1,103.2712952
1,1,103.5836483
1,1,101.5517719
0,1,103.1983867
0,0,99.73089158
0,0,98.96669778
0,1,102.8823871
1,1,101.8553491
0,1,103.2522953
1,1,104.0540207
0,0,99.36884272
1,1,103.862026
1,1,103.6059043
1,0,97.98998199
0,0,100.0010532
1,0,99.65083769
1,1,101.3829495
0,1,101.0039098
0,1,101.582532
0,0,99.53595863
0,1,102.9133133
0,1,101.5773125
0,0,101.841562
1,1,101.7426808
0,0,98.90539645
0,1,98.59354414
0,0,99.69643356
1,1,100.6910824
0,0,97.93594782
0,0,99.20192692
0,0,99.57594385
1,1,98.84772813
0,0,98.61535094
1,1,103.2763176
1,1,104.0772187
1,0,97.52677985
0,1,101.9724492
0,0,96.88165679
0,1,103.3061949
1,0,100.624848
1,0,98.66033737
1,0,97.41958939
0,0,100.9944281
0,0,97.95460808
0,0,99.48221596
1,0,100.2567738
1,0,99.8246927
0,0,96.20401169
0,0,100.2132778
1,1,103.8904036
1,1,102.2297953
0,0,101.4470008
0,1,103.6600862
1,1,101.6738656
1,0,101.4906477
1,0,99.39835206
0,1,102.1196758
1,0,96.49714223
0,1,101.312515
0,1,105.8594883
1,1,102.8223708
0,0,100.8411821
1,1,102.7547526
1,1,103.9435099
1,0,101.7685508
1,1,102.554799
1,0,101.4472652
1,0,97.88498301
0,0,100.726777
1,1,99.96537712
0,1,101.5039787
0,0,97.49324496
0,1,105.6217951
0,0,95.2308246
0,1,100.0588975
0,1,103.3002955
1,1,101.4814402
0,0,99.1781563
1,0,101.1333251
1,1,103.5203068
1,0,96.16772744
0,0,96.52818974
0,1,103.4205078
1,1,102.6124821
0,0,99.24042792
1,0,96.59141078
0,0,100.1754117
1,0,98.39352808
1,1,103.8015772
1,1,103.2539443
1,0,98.13312403
0,0,99.22274056
0,1,103.7665296
1,1,101.2815056
0,0,98.79151926
0,1,101.834178
0,0,97.55106592
0,0,100.2743597
1,1,103.8508252
0,1,105.2559085
1,0,99.3539357
1,1,101.7862676
1,1,99.23198429
0,1,102.3183715
0,0,98.35239884
0,0,96.83907782
0,1,102.4981681
0,0,99.17573025
0,1,103.7592552
0,0,100.4172206
1,0,98.13277115
0,1,104.2235746
1,0,97.95247745
0,0,100.5517792
1,1,99.79414463
0,0,102.9120231
1,1,102.6470988
1,0,98.78156796
1,1,104.8566089
0,0,100.3957411
1,0,100.5255748
1,1,103.2048102
1,0,98.52739498
1,1,102.6754024
1,0,98.77076249
0,0,98.69429297
1,1,102.7293652
0,0,99.59927201
1,1,103.4972792
0,0,95.5611826
0,0,99.59516587
0,1,101.5160662
1,0,101.0144054
1,1,103.5778079
1,1,103.301462
0,0,101.328515
1,0,100.7500603
1,1,103.5038873
1,1,102.8289841
0,0,101.510862
0,1,103.3899937
1,0,99.92106419
1,1,101.6590902
0,0,99.48511151
1,0,97.1879095
1,1,100.9096168
0,0,98.73810277
0,1,107.2141026
1,1,104.9364263
1,1,100.1344699
0,1,105.116937
1,1,102.3526913
1,0,98.93494307
0,0,100.1750466
1,1,102.02986
1,0,100.2623016
0,1,104.6639111
1,1,104.5301899
1,0,100.2779905
1,1,103.4801444
1,0,98.18319872
1,1,102.0595187
0,0,101.4808745
1,1,101.4558369
0,1,103.5376531
0,0,102.2810862
1,1,103.6536881
1,1,102.7417099
0,0,97.73510524
0,1,103.1898845
0,0,101.4032294
1,1,105.3366345
1,1,100.4831021
0,1,102.6253822
0,0,98.20790527
0,1,103.4685539
1,1,102.6903714
0,0,100.3638248
1,0,98.30752479
0,1,102.5015924
1,1,104.5101577
1,0,96.94537207
1,1,103.5477496
1,1,103.7797014
0,0,96.83578396
0,0,99.06296485
1,0,99.21289258
1,1,104.988557
1,0,98.55403559
0,1,103.1539268
1,1,104.0435852
0,0,99.97550112
1,1,103.3464515
0,0,98.35687719
0,1,104.8214096
1,1,103.7697775
1,1,104.0197476
1,0,100.2971395
1,1,102.2943136
0,0,99.72560884
0,1,101.0629338
0,0,98.27903111
0,1,103.094222
1,1,100.3273729
1,1,102.3899297
1,1,103.4455408
1,1,104.483555
1,1,102.3902896
0,0,100.5502237
1,0,98.22531567
0,0,100.2648168
1,0,99.90045228
1,1,100.155286
0,0,100.2394454
1,0,100.6889619
1,1,99.55179928
0,0,100.5341144
0,0,99.3863151
1,1,101.7270641
1,1,100.9020469
0,0,98.2253631
0,0,96.9843509
0,1,101.4173398
0,1,104.0146144
0,0,98.66358213
0,1,102.2430948
1,0,98.21810455
1,0,99.54627342
0,0,100.7018904
1,1,103.469595
1,0,98.8952666
0,0,99.93742664
0,0,96.09132649
0,0,96.85237772
0,1,102.9196746
0,0,100.1570175
1,1,103.6169291
0,0,98.14993428
0,0,97.36946537
0,0,101.7222242
1,1,104.0496199
1,1,103.6320987
1,0,99.74668502
0,0,99.31194088
0,0,101.053206
1,1,103.4488851
1,1,100.4137688
0,1,102.8516434
1,1,103.1041651
0,0,97.22551816
0,0,99.78412084
0,1,105.4450411
1,1,104.1385661
1,1,103.5734103
0,0,98.16429229
0,0,100.2130777
1,1,99.87671523
0,0,96.15463072
0,0,100.5573872
1,1,99.73044347
0,1,100.4972832
1,1,102.4819748
1,0,99.34667516
1,1,101.4150761
0,0,97.9249156
0,0,96.89091906
0,1,102.1230392
0,1,103.1637853
1,0,100.3492749
1,1,101.4081415
0,0,100.4797936
1,1,103.8615627
1,0,97.23642517
0,1,103.9966272
0,1,101.9226572
0,0,99.61438186
1,1,101.5865769
1,0,99.62212398
1,0,100.2758226
1,1,102.3416243
0,1,101.4130704
1,1,100.8029841
0,0,100.6202929
1,1,101.0608347
0,1,104.1721502
1,1,101.3246667
0,0,101.8598469
1,0,97.7720049
0,0,97.40453519
0,0,98.59873639
1,1,102.7189693
0,1,101.9028588
0,0,99.87428633
1,1,105.420727
1,0,100.6786307
1,0,96.88406148
0,1,100.6859607
0,0,98.16926973
1,1,101.2438524
1,1,102.2067606
0,1,102.889932
1,0,98.75464115
0,0,100.0038536
1,1,102.3600903
0,1,100.8112029
0,0,96.48768885
0,0,100.5586252
0,0,102.4468024
1,1,100.2863436
0,0,98.40528673
0,0,99.30290019
1,1,100.0808843
0,1,101.715664
0,1,102.1626773
0,0,100.537349
1,1,101.2134477
0,0,99.62054336
0,1,102.1798379
1,1,102.4107914
1,0,99.22907024
0,1,104.0568267
0,0,99.33739151
1,0,99.58003468
1,1,106.3902358
1,1,102.3056294
0,0,98.48596287
0,1,102.4013175
1,1,103.4857504
1,1,102.0453871
0,0,97.08634191
0,0,99.8415158
1,0,98.06843348
1,1,101.3919412
0,0,100.3277281
1,1,105.7298212
1,1,104.1254339
0,0,100.0550269
1,0,99.8050984
1,0,100.2418675
0,0,98.59467987
0,0,100.5128436
1,0,97.71938014
0,1,103.0142363
0,0,99.53087429
1,1,102.5176448
0,0,97.51925027
0,1,101.8878388
0,0,98.02544897
0,0,102.051623
1,1,103.1731537
0,1,101.4242098
1,1,98.08610366
0,0,100.3303797
1,0,99.3772864
1,0,98.49544378
0,1,104.7295597
1,1,104.6360161
1,1,103.4443595
0,1,102.8008857
1,0,96.91008862
0,0,99.68262473
1,1,103.5580194
1,0,101.5639617
1,1,101.603062
1,1,100.9611141
1,1,102.4628443
0,0,96.15187577
0,1,102.916252
0,0,99.15438748
1,1,100.4899426
0,0,99.91676935
1,1,102.2019
1,1,103.0314962
1,0,99.57601283
1,0,97.89098177
1,1,101.2686804
1,1,99.41534068
0,0,101.2593749
1,0,98.2348749
0,0,100.4310333
1,1,102.1213512
0,0,102.8965666
1,0,99.43837183
1,0,99.99487365
1,1,102.7760265
0,1,103.9020731
1,1,104.6186973
1,1,100.7573603
0,0,100.1963099
1,0,100.324513
1,0,97.96542062
0,1,105.5324798
1,1,102.3225652
0,0,96.64953978
0,0,102.5367477
1,0,97.98520552
0,1,103.1221768
0,0,100.005077
1,1,104.8125675
1,1,101.8139197
0,0,99.7927179
1,1,101.1791547
0,0,101.0407669
1,0,98.64750571
1,1,104.0444454
1,1,103.2604053
0,0,97.74478847
0,0,100.5078838
1,0,100.7074857
0,0,100.7424579
1,1,102.8621731
1,0,99.93740395
1,0,96.47359709
0,1,101.878788
0,0,99.15480224
1,1,104.22087
1,0,94.89067114
0,0,99.83744222
1,1,100.3026365
0,0,97.37212819
0,0,101.7456893
1,1,99.48478803
0,0,97.83862632
0,0,100.9366267
0,0,101.3268633
1,1,103.7390014
1,1,102.2212191
0,0,98.33822674
1,0,100.2806421
1,1,98.87360032
0,0,100.0748477
1,0,99.706189
1,1,103.4498272
1,1,103.2141081
1,1,104.3312887
1,1,103.9275255
0,0,101.1538047
0,0,98.62447763
0,1,101.6956576
0,1,104.7243372
1,1,104.3902248
1,1,104.2930691
1,1,103.9794253
1,0,99.00313365
1,0,96.77512974
1,1,104.0570527
1,1,103.2724603
1,0,99.43973507
1,0,100.5797512
0,1,104.2928086
1,0,97.79756445
0,1,101.3079843
1,0,99.248141
1,1,105.0402791
1,0,95.48045267
0,0,100.1221969
1,1,101.1564335
0,0,101.1428631
0,1,102.6049033
0,0,103.3675155
1,0,97.21289722
0,0,100.090478
0,0,97.92080953
0,0,99.84769755
1,1,99.419158
0,1,103.1755543
1,1,102.3709704
0,0,99.25621342
0,1,102.2625515
0,0,97.96588092
1,1,101.2806557
1,1,103.7897701
0,0,100.0596298
1,1,103.9993321
1,0,101.9227339
1,0,98.35114311
0,0,101.5713534
1,1,102.8889386
1,1,100.873288
0,0,100.5758267
0,0,98.18968985
0,0,100.5616822
1,0,99.34861284
0,0,99.91874402
1,1,103.0181103
1,1,103.5366367
0,0,100.2073766
1,0,98.10917983
0,1,101.1233653
0,1,102.7630331
0,0,101.7469358
1,1,102.760281
1,0,100.3244949
0,0,101.4083368
1,0,99.19747491
0,0,100.2252677
1,0,100.1025365
0,0,100.5474148
1,1,104.0850638
1,1,106.7764768
1,1,102.1222552
0,1,104.7989281
0,1,102.0106992
1,1,102.0356938
1,1,101.7704917
1,0,97.38402383
0,0,97.81838979
0,1,102.5076188
1,1,102.5822079
1,0,97.78343157
0,1,102.8509599
0,1,102.9933401
0,1,102.864002
0,0,100.0865988
0,0,98.95663161
0,0,98.57676932
0,0,99.62508988
1,1,100.049872
0,1,103.3793659
1,0,98.04018739
1,0,100.3910483
1,1,104.3126507
1,1,103.7536029
1,1,107.0216187
1,1,102.4180178
0,0,99.4625561
0,0,100.4870401
1,0,99.7843123
1,0,100.1018845
1,1,101.8754563
0,0,96.33599707
0,1,102.6729139
0,1,104.0971271
1,0,97.44044939
0,0,95.93818408
1,1,102.2216373
1,0,99.66597677
0,1,102.1330456
0,0,100.5479
0,0,101.1903227
1,1,100.5917092
0,0,96.57755523
0,0,100.6535743
1,0,99.09389344
1,1,104.9407929
1,1,101.6199732
0,0,100.8061263
1,1,101.3646683
0,0,101.574293
1,1,102.5557266
1,1,105.212693
1,0,100.7454024
1,1,100.7073593
0,0,99.43711196
1,1,103.0702189
1,0,100.9547843
1,1,102.3282768
1,0,99.51154319
1,1,102.4862134
1,0,97.86842713
0,0,100.0102739
1,1,101.0038413
1,0,99.00044821
1,1,100.0363223
1,1,104.6250853
1,1,101.6327593
0,1,104.9651723
1,0,98.6884599
0,0,103.602684
1,1,100.7399131
0,0,101.2498632
1,1,100.856519
0,0,100.767925
1,1,102.7157514
1,0,100.0937949
1,0,99.92122629
1,0,98.09627949
1,1,101.8905216
0,0,97.93235548
0,0,102.2182598
1,1,101.0762645
1,0,99.99145295
1,1,100.6534736
1,1,103.1040898
0,0,101.8917372
0,0,99.06179789
1,1,105.7191879
1,1,100.8062439
1,1,99.15629865
0,1,101.8653351
1,1,99.86999568
0,1,101.8367415
0,0,100.6797459
1,1,101.3279733
0,1,102.1263371
0,0,99.3669014
0,1,104.1184575
0,0,99.29329059
0,0,99.69688551
0,1,104.3085375
1,1,102.0082154
0,0,100.1354823
1,1,104.5663085
1,1,102.7396135
1,1,101.3040348
0,0,98.2668563
0,1,106.0275194
1,1,102.2884546
1,0,100.7023008
1,1,103.1552269
0,0,98.75061228
1,0,97.77252788
0,0,100.0522661
1,1,100.0897429
0,0,98.16234703
0,1,104.3540746
1,1,101.3498317
0,0,99.25411877
0,1,104.5608338
1,1,102.0020682
0,0,100.756955
0,1,101.6925032
0,1,99.4855171
0,0,102.2478009
1,1,102.0369102
0,0,97.72010216
0,0,96.69272864
0,0,97.59431267
0,1,101.9376199
0,0,98.41391482
0,0,97.49543916
0,0,97.88394019
0,0,99.15194029
0,1,104.6777674
1,0,98.9941
0,0,97.71371165
1,1,100.6625857
0,1,102.1847071
1,1,103.6909579
1,1,102.5359659
1,1,101.1223019
0,0,97.30643363
0,0,100.5309134
1,1,101.6638316
1,1,104.8179419
0,0,98.90022777
0,1,103.804213
0,0,101.8306702
1,1,102.9779959
1,0,101.0479936
1,0,100.9270335
1,1,103.8869065
1,0,99.07401247
1,1,101.3708217
0,1,102.3870177
1,1,100.954937
1,1,103.3668001
0,1,102.5169052
0,1,102.9890851
1,0,97.09519551
0,1,106.914229
1,1,101.5960309
0,1,103.18204
1,0,97.49883212
0,0,100.3900803
0,1,103.687565
0,1,101.0047323
0,1,104.1449156
0,1,106.1961304
1,0,98.99752912
0,1,102.6873456
0,1,103.8550373
1,1,100.5434915
0,0,100.1810841
1,1,101.9314056
0,1,103.7438571
1,1,104.2095563
1,1,103.4534721
0,0,100.9998038
1,1,103.1500356
1,1,102.995867
1,1,102.9969285
1,1,105.2717353
1,1,101.4606119
0,1,104.5362705
1,0,96.49019721
0,0,100.2298368
0,0,100.0330129
1,1,102.6877582
1,0,98.61456737
0,1,104.4077816
1,1,102.726032
0,0,98.07504989
0,1,103.54347
1,1,101.2217468
0,0,100.9771327
0,0,97.05370689
0,1,101.4471938
0,0,102.6703799
1,1,103.6405285
1,1,99.79026125
0,0,102.2093958
1,1,100.8588564
0,1,103.2429121
0,1,104.5375034
1,1,101.711105
0,0,99.42468445
0,0,99.30927738
1,1,104.8477629
1,1,102.9550257
1,0,100.5240782
1,1,101.399782
1,0,98.29253405
1,1,103.4618042
1,1,102.4907421
0,0,99.93384116
1,1,99.84385429
0,0,96.88706298
0,0,101.8160008
1,1,103.91997
1,0,98.27365989
1,0,97.94448685
0,1,103.7070043
1,0,97.01207153
0,1,103.1992105
1,1,103.7376437
1,1,100.0683057
0,0,101.6678874
0,0,97.22973625
0,0,101.9939719
1,1,103.8497595
0,0,100.1051802
1,1,102.7697487
0,0,96.77962428
0,0,98.44070953
1,0,97.63667751
0,1,104.2898071
1,0,100.2366487
1,1,102.3150687
0,0,100.0202146
0,0,100.0178091
0,0,98.0629388
0,0,99.08025176
0,0,97.50622334
0,0,99.63438422
1,1,102.5170267
1,1,104.1268849
0,0,97.75277279
1,0,99.22201148
1,1,101.2014888
0,0,98.26939463
0,1,101.1844697
0,1,106.5082314
1,1,102.2692581
1,1,101.310273
0,1,104.2630932
1,0,96.63712051
0,0,99.65709482
1,1,101.6499788
1,1,103.6063338
1,1,104.6642411
1,0,96.65383227
0,0,95.01659942
0,0,101.7476432
1,0,97.9443436
0,1,101.135024
1,1,103.063582
0,0,99.40359083
0,0,100.5611646
1,0,97.73747412
1,0,102.2389884
1,1,101.7758768
1,1,102.2386312
0,0,100.8473977
1,0,95.82811034
0,1,104.899156
1,0,99.81101238
1,0,98.29536788
0,0,97.35545572
0,1,105.4085094
1,1,102.5306885
0,0,99.30830544
0,0,100.0597214
0,1,102.2672069
0,0,99.74352582
0,1,104.8232619
1,1,103.029719
1,1,99.72233671
0,0,98.80956615
0,0,99.45010083
1,1,102.1847035
0,0,100.3283943
1,1,104.5227968
0,1,105.9914026
1,1,104.2151485
1,0,99.02625216
1,0,97.76270103
0,0,99.90288659
0,1,103.8778569
1,1,100.7540863
0,1,103.1428014
0,1,101.7163116
0,0,98.38886961
0,0,99.57689319
0,1,104.0237366
0,1,102.9785385
0,0,99.86744714
0,0,98.73983909
0,0,99.05314588
0,1,105.1967132
1,1,102.3105346
1,0,100.0554719
1,1,105.3720993
1,1,101.8269937
0,0,100.2214229
1,1,103.0689792
1,1,101.7789087
1,1,103.844425
1,1,103.5222283
0,0,99.03383174
0,1,104.330939
0,1,104.1404757
1,0,99.30953631
0,0,96.91659036
0,0,99.81002539
1,1,102.5919098
0,0,98.88091192
0,0,100.6878371
0,0,99.97400044
1,1,101.2962102
0,0,101.0468815
1,1,104.5668407
1,1,101.0444264
0,0,100.71862
0,0,99.38647947
1,1,102.7552315
0,0,99.3637224
0,0,97.58155118
0,0,98.52373936
0,0,98.78723843
0,0,98.9922556
1,0,98.44455844
0,0,101.4579633
1,1,100.2259611
0,1,101.841433
0,1,103.6960606
1,0,98.9022966
1,0,100.2108145
1,1,103.0508955
1,0,97.541341
0,1,102.291821
1,1,105.0687134
1,1,102.1117599
0,1,101.4533951
1,1,103.8565571
1,0,99.63205277
1,0,100.829601
1,0,98.50585253
0,0,99.54701644
1,1,102.7349559
0,1,101.1567803
0,0,98.29064377
0,0,101.5548321
1,1,103.1941861
0,1,105.1693784
1,1,102.5469818
0,0,100.7490254
1,1,104.1354754
1,0,99.07147484
1,1,100.9920745
0,0,97.47055263
0,0,97.95224598
1,1,103.0917764
1,1,101.7338264
1,0,98.18374724
0,0,99.77016477
1,0,98.95697797
1,1,101.4635887
1,0,99.36728134
1,1,102.7914803
0,0,97.3903009
1,1,104.7519517
1,1,100.5524754
1,0,99.65798369
1,1,102.6319161
1,1,103.0602774
1,1,104.7170269
1,1,98.79510471
0,0,99.33813995
1,1,104.7850467
1,1,99.06135754
0,0,100.4789056
1,1,101.2553167
0,0,100.9910607
0,1,104.0897309
0,0,99.44316799
0,1,101.3729742
0,1,100.5036276
0,1,105.5964692
1,0,101.4049817
1,1,102.058225
1,1,105.9441412
1,0,97.7149476
1,1,101.1012896
1,0,98.43958466
1,0,99.78468015
1,1,100.1833869
0,1,101.1239244
1,1,103.5883829
1,0,98.67344184
0,1,104.4865543
1,1,101.3770808
0,1,100.6202514
0,0,99.76694501
1,1,101.3391147
0,1,102.3269273
0,0,100.0706104
1,1,104.3602246
1,1,105.2361838
1,1,101.7054683
1,1,103.8235139
1,1,101.927601
0,0,99.72761032
1,1,102.8185566
1,0,102.1375979
1,1,102.6523018
0,0,97.61441324
0,0,98.16761793
1,1,101.2013609
0,1,101.8820446
0,1,103.9483336
1,1,103.8403106
0,0,97.86430864
0,1,99.3107705
0,0,98.3449913
1,0,98.65277769
1,1,103.556932
1,0,98.69361823
1,1,102.1542735
0,0,99.07286619
0,0,100.2708266
1,1,101.7388174
0,0,98.75645998
0,1,105.6096497
1,0,100.5708352
1,0,99.14125481
1,0,99.99134915
1,1,102.026917
0,0,100.7364764
0,0,101.7617134
1,1,103.0616597
0,0,101.0099993
0,0,100.9099848
1,1,100.1058416
0,0,100.4987738
1,0,99.51491938
1,1,104.1650722
1,0,98.00409216
1,1,102.1005867
0,1,103.2455753
0,1,102.2712685
0,0,98.25029406
1,0,99.20646837
0,0,100.7150561
1,1,98.88397908
0,1,100.7924682
0,1,105.8944558
1,1,101.6019072
0,1,102.5615644
0,0,97.10363237
0,0,99.54132565
1,0,98.46044367
1,0,98.83839745
1,1,104.9088636
0,1,100.5102893
0,0,95.32062901
0,0,98.60448407
1,0,97.84937125
1,1,101.8366308
0,0,100.634155
1,1,101.8700371
1,1,102.3572423
0,1,102.18469
1,1,103.2892761
1,1,104.5807527
1,1,103.4174318
1,1,103.8262905
1,0,99.62793398
0,1,104.1386472
0,0,98.16775426
0,0,98.91148126
1,1,103.0737818
0,0,98.35307475
1,0,99.21363977
1,1,100.5269319
0,0,101.2014136
1,1,102.2761026
1,0,98.14246907
1,0,96.80033737
0,0,99.41077209
1,1,105.3030699
1,1,102.267234
1,0,100.0594453
1,1,105.0655625
1,0,98.09958665
1,1,100.1898112
0,1,105.0401658
1,1,103.600297
0,0,101.7303457
1,1,100.4168109
1,1,102.9168152
1,0,100.4518651
1,1,103.6923999
1,1,103.9206173
1,1,104.1073805
0,1,102.8942788
1,0,97.67902663
0,0,98.96108619
1,1,105.1215726
1,1,103.1782361
0,0,98.31252341
0,1,103.2048958
0,0,101.1922688
1,1,99.03773333
0,1,101.2018336
0,0,100.1575275
1,1,103.1393156
1,1,102.8472186
1,0,97.98169221
1,0,100.0839036
0,0,101.4837034
1,0,95.83110339
0,0,99.69400138
0,0,98.63696999
0,0,102.3963196
1,0,97.02688937
0,0,99.63974977
1,1,102.3398186
0,0,100.1087954
1,1,103.1570755
0,1,101.411558
0,0,96.93858173
0,1,102.0371777
1,1,101.3308313
0,0,98.96199267
0,0,99.91231343
1,1,103.4606651
1,1,101.2128795
0,1,101.3929801
0,0,99.39232605
0,0,99.77398654
0,0,101.9261407
1,1,103.9580298
1,1,105.5149131
1,0,99.8292241
0,1,99.65819262
0,0,100.535914
1,1,100.1465122
0,0,98.59415732
0,0,101.7912865
1,0,101.137818
1,1,103.5601035
1,0,98.10279467
1,1,100.8469892
0,0,98.76937743
1,0,97.66196927
1,1,101.6944492
1,1,104.0829549
1,1,100.3563731
1,1,102.3853441
1,1,102.1989057
1,1,102.1877872
0,1,102.2937889
0,1,103.7445767
0,0,98.74316625
1,1,103.1994469
1,0,98.09534838
0,0,100.2252513
1,1,102.5012612
0,1,103.8422592
0,0,98.13636147
0,1,102.6177052
0,0,97.89765895
0,0,102.722119
1,0,98.55230453
0,1,101.5767364
0,0,99.84389682
1,1,104.9141261
1,1,102.8394583
1,1,103.281539
1,1,104.3889546
1,1,104.2054306
1,0,100.0471547
0,1,102.2422877
1,1,101.6785959
0,1,101.6029587
0,1,100.8317103
0,0,99.14020192
1,1,102.9942995
1,1,103.7067599
1,1,100.3948191
0,0,98.41778874
0,1,103.6079136
0,0,100.4656013
1,0,99.52591892
1,0,101.088346
1,1,103.1607232
0,0,96.80580932
0,1,100.3539638
0,0,99.69122913
0,0,97.73714228
0,0,98.26849999
0,0,99.82725753
0,0,99.08938732
0,0,98.53137511
0,0,98.29767842
0,1,100.1152184
0,1,101.285223
0,0,101.3578554
1,0,98.02859632
1,1,106.1559598
1,0,97.94848723
0,0,96.55941092
0,0,99.50941813
1,0,99.80434555
0,0,99.13860207
0,0,99.64986647
1,0,99.07762022
0,0,98.99975901
0,0,99.70550485
1,1,101.3226776
0,0,99.78733483
0,0,100.5251813
1,1,102.177295
0,1,105.6956474
1,0,96.68255411
0,0,100.256258
0,0,99.74160057
1,0,96.06681383
0,1,102.7728106
1,1,101.6444029
1,0,97.9830317
0,0,100.4204763
1,0,98.0187992
0,0,100.3208893
1,1,104.962534
1,1,101.3881811
1,1,102.2832382
0,0,98.6495767
0,1,103.7751915
0,0,101.3575566
1,0,99.94221241
1,1,103.1081762
1,1,100.2276302
0,0,100.09176
1,0,96.59793736
0,0,97.64807495
0,0,97.06664363
0,0,101.5634347
1,0,98.26959781
0,0,100.361248
1,1,103.6007918
1,1,104.4650773
1,1,103.3974213
1,1,102.9772237
1,1,103.3126384
1,1,102.1779222
1,1,103.4705525
1,1,104.2079698
1,1,99.63593821
0,1,103.90513
1,1,103.8037974
1,1,103.0481661
1,0,98.35018352
0,0,100.8736086
0,1,101.1181813
0,1,102.2006698
0,0,99.63917399
1,0,101.5602485
1,0,97.736123
0,0,99.38083659
0,0,102.4436475
1,1,101.3912184
0,0,95.24051428
0,1,101.8497885
0,1,103.4424141
1,1,101.6805597
0,0,97.5532959
0,1,101.9523044
0,1,104.5247643
0,0,98.93076275
0,0,98.51012734
0,1,101.0713562
0,0,99.45913126
1,1,101.545594
1,1,99.1866176
0,0,96.61177472
1,1,99.7849401
0,0,99.28779331
1,1,101.894708
0,0,102.2481238
1,1,101.6622212
0,1,100.8630937
0,0,99.07459944
0,0,96.51637689
1,1,103.3590509
1,1,101.24798
0,0,98.16070298
0,0,99.93139766
0,1,100.8565084
0,1,101.2109831
0,0,100.3005481
1,0,99.48998523
0,0,98.60240373
0,0,100.3096572
1,0,99.10210388
1,0,96.93814755
0,1,102.4453053
1,0,100.1780982
0,0,99.0839894
1,1,101.6109651
0,0,99.14448966
0,0,100.6844525
0,0,98.7239016
0,0,100.5509126
0,0,98.25314338
1,1,103.879157
1,1,103.3078937
0,0,100.1928674
1,1,102.7410469
1,1,104.3989319
1,1,102.5155868
0,1,103.2535516
1,1,100.125219
0,1,98.69019102
0,0,99.63750951
1,1,103.3103977
1,0,97.78074648
0,0,100.0995459
1,1,103.1669343
1,0,98.39214353
1,1,99.29798825
0,0,97.60097213
1,1,102.0325223
1,1,105.5395143
1,1,102.1744243
0,0,99.96276536
1,1,100.6065408
0,1,104.8568549
1,1,100.9209075
0,0,100.7226584
1,0,97.9496864
1,1,102.6875485
0,0,98.50022147
0,0,102.1583613
1,1,103.5139403
1,0,98.69335743
0,1,101.6022042
1,1,102.9718025
0,0,102.4703318
1,1,102.1579325
0,1,105.1707192
1,1,102.034981
1,1,101.6608686
0,1,102.7362243
1,0,101.5377197
1,0,98.97505093
0,0,101.0197187
0,1,103.4439101
1,1,102.6155246
1,1,100.4655042
1,1,100.7523898
0,0,100.0354246
1,1,99.48235354
0,1,104.0358908
0,0,96.39567558
1,1,103.2163249
0,1,103.4637097
1,1,101.3373461
0,0,101.6606697
0,0,100.0670092
0,0,101.7487378
1,1,104.3137177
0,0,98.93447623
1,0,101.6349601
0,1,103.6284045
0,0,99.84374602
1,1,103.4226089
0,0,101.8176691
1,1,101.5556483
0,1,103.2919659
0,1,103.7057139
1,0,98.07887906
0,0,100.8516493
1,1,102.1103562
0,0,99.15363215
1,1,103.4548369
1,1,101.3078504
0,0,99.14983979
0,0,99.70453159
0,0,99.90648672
1,1,102.8971246
1,1,101.0976309
0,0,97.91204571
0,1,106.2669911
1,0,95.9123525
0,0,96.31993121
0,1,104.3553332
1,0,99.54976825
1,0,98.30911819
0,0,98.52198014
1,1,106.9672319
1,1,102.7894525
1,1,104.6935517
0,0,96.85370937
0,0,100.4840341
1,1,101.0427463
0,1,104.5877094
0,0,99.51144146
0,0,100.4872662
1,1,98.87577795
0,0,99.26023498
0,0,100.0301331
1,0,98.56777027
1,0,99.32189003
0,0,100.859614
0,0,100.2663134
1,1,101.704642
0,0,98.68771609
0,1,102.0148643
1,1,101.5768499
0,0,96.98624056
0,0,98.81545447
1,1,103.3736477
1,0,99.16521872
1,1,104.006413
0,1,100.1956628
0,0,97.56391107
0,0,98.81869623
0,0,98.03728101
0,0,98.55022225
0,0,95.74660904
0,1,100.8832567
0,0,96.41035524
0,0,101.5237399
1,0,95.0559914
0,0,98.26643744
0,1,103.021269
1,1,102.0963966
0,0,96.83208488
0,0,99.48011697
0,0,101.172147
0,0,99.14426335
0,0,100.6338277
0,0,97.82442207
0,1,103.1882886
0,0,102.9176645
1,1,102.9680494
1,0,97.53438904
1,1,101.6638363
0,0,100.007013
1,0,96.49406575
0,0,99.78608544
1,1,100.4887984
0,1,102.2653281
0,1,103.7426998
1,0,99.55833318
1,1,103.0858512
0,0,101.250887
1,0,98.72451177
1,1,102.4757641
1,0,98.64498851
0,0,96.58083216
0,0,98.50792542
0,0,100.2122595
0,0,99.67515041
1,0,97.86896128
0,0,100.1920412
1,0,98.34320608
1,0,96.54414751
0,1,101.8479692
0,0,100.9718691
1,1,102.9218623
0,0,97.59363091
0,1,103.7502516
1,1,101.8853028
0,1,103.3834292
1,0,97.9405026
0,1,101.2946984
0,1,102.5372186
1,1,99.73896209
0,0,101.1725981
1,1,105.6325329
1,1,102.7160179
1,1,102.5608446
1,0,96.77100534
1,1,103.7298995
1,1,104.9228171
1,1,100.6138526
0,0,97.87761209
0,0,100.2525304
1,1,101.4769771
0,0,99.3274025
1,1,103.83637
0,1,105.7966295
1,1,102.5885544
0,0,99.63118218
1,0,101.0880884
1,1,101.6415906
1,1,101.3489253
1,1,105.0280034
1,1,101.1743491
0,0,100.428573
1,1,99.8423287
0,0,95.4605119
0,1,100.1161997
0,0,101.3643243
1,1,99.57120415
0,0,99.75925823
0,0,101.3862741
1,1,102.6202241
1,1,100.9275606
0,0,99.1102499
0,0,98.60853675
0,1,102.5521137
1,1,105.1959372
1,1,100.3054405
0,0,99.99897502
1,1,101.5130681
0,1,103.9344644
1,1,100.0787681
1,1,101.5853966
0,0,97.31880261
0,0,102.9872592
1,1,101.2068426
1,1,102.2522372
0,0,100.3924211
1,1,102.0465379
0,1,102.8234738
1,1,105.0397329
1,0,97.87636664
0,1,102.7876817
1,1,103.2736688
1,1,100.0607245
0,0,101.2541612
1,0,98.12598285
1,1,102.3963555
0,0,98.72704002
0,0,98.98441634
1,1,103.4762157
1,1,102.8302831
0,0,97.37026227
0,0,96.146472
0,0,98.12779941
0,0,98.31100687
0,0,100.0133328
0,0,98.06211154
0,0,98.99901567
0,0,99.7524827
0,0,99.19422692
0,0,99.64973749
1,1,102.758047
0,0,102.2936013
1,0,100.1031497
1,0,100.2608879
1,1,103.9364879
0,0,101.7823164
1,0,98.92462016
0,0,99.57692965
0,1,104.4258925
1,1,101.2003753
0,0,99.9495773
1,1,103.6080546
1,1,102.1309334
1,1,101.9900426
0,0,99.32639827
1,1,105.2552884
1,1,103.3296553
1,0,100.6529917
1,0,99.02728442
1,1,100.8871702
0,0,98.93536397
0,1,105.9856111
1,0,99.87613425
1,1,103.8323757
1,0,98.88635703
1,1,103.0720822
0,1,105.9585096
1,1,104.3417452
0,0,99.39894089
0,0,99.94352377
1,1,98.74054089
0,0,99.38471691
1,1,104.0408848
1,1,102.6500668
0,1,105.8441094
1,0,97.66863245
0,0,99.25687519
0,1,102.8729219
1,0,99.50362238
0,0,98.70142851
0,0,101.2884941
1,1,105.2459173
1,1,100.5380155
0,0,97.70390563
0,0,100.6663394
0,0,98.73117193
0,0,98.51915686
0,0,101.019123
0,1,104.0083401
0,0,99.39544283
0,0,101.9130865
1,0,97.99580286
0,0,98.74616695
1,0,95.96212287
0,0,100.334101
1,1,100.8311654
0,0,99.67081477
0,1,102.1595142
1,0,99.54307776
1,1,105.0270677
1,1,102.4057
1,1,102.2151352
0,0,100.1195653
1,0,100.8256159
1,1,102.1943473
0,0,101.4810685
1,1,102.2798894
0,0,99.60469502
1,0,98.96847131
1,1,102.2412907
1,0,97.72508711
0,0,100.5230616
1,1,100.2479451
0,0,98.84637967
0,1,101.1430913
0,1,101.3171553
1,0,98.23793029
0,0,100.8362474
1,0,97.80366735
0,1,102.9968372
1,1,101.6908028
0,0,99.88832118
1,1,101.7077191
0,0,98.7488816
1,0,100.3993393
1,0,98.59304211
0,0,101.3151175
0,1,104.6761607
1,1,100.5007186
0,0,96.93704704
0,0,100.391328
1,0,102.8440232
1,0,100.0377081
1,0,98.23385306
0,0,99.23056159
0,1,103.5219463
0,1,102.4514649
0,0,101.6356507
1,1,104.8377593
1,0,98.39518457
0,1,101.8159327
1,1,100.9768772
1,1,103.4348728
1,1,102.3295048
0,0,100.8850657
1,1,103.1941189
1,1,98.93128756
0,0,98.35840485
0,0,98.92142887
0,1,101.8297857
1,1,101.5959443
0,0,100.6397509
0,0,99.8448252
0,0,96.93273291
0,0,96.84886542
0,1,102.1648949
0,0,98.061062
1,0,98.80825729
0,0,98.86314548
1,1,103.2818512
0,0,100.7148484
1,0,98.54217777
0,1,103.977599
1,1,105.6099728
1,1,102.4237341
1,1,106.1859147
1,1,102.3890166
0,0,98.15500782
0,0,100.7378072
1,0,97.32724564
0,0,100.0449755
1,1,102.6523817
1,1,103.7565642
1,1,102.7293586
1,0,100.380156
1,1,101.2743809
1,1,101.8844377
1,0,96.4937674
1,0,99.53631927
0,0,99.81012679
0,1,103.4790569
1,1,103.4249312
1,0,97.9986735
0,0,100.3667804
0,0,98.84302207
0,1,103.6654624
0,0,100.6351133
1,1,101.2457591
1,1,100.7556966
0,0,100.3282919
1,1,103.9356197
1,0,101.4915093
0,0,100.2636408
0,0,101.7060411
1,1,102.1379927
1,0,97.57392846
0,0,103.0478608
1,1,102.8886977
1,1,103.4183858
1,1,102.4008059
1,1,99.88531435
0,0,99.6852353
1,1,104.1066608
1,0,97.72123112
0,0,98.79687479
1,1,105.6237762
1,1,105.7256032
1,1,100.4105075
0,0,100.9666882
0,0,100.2080972
0,1,105.2571662
1,0,99.54008872
1,1,101.8082247
0,0,95.54712259
0,0,98.4299659
0,1,103.7205802
1,1,102.7896765
1,1,100.7378766
0,1,103.9321916
0,0,100.4694616
0,0,102.474201
0,0,99.52430521
1,0,100.2152877
1,0,99.88747211
1,1,103.5499133
1,1,101.9835492
0,1,104.5049873
1,1,104.4783642
1,1,103.7229937
1,1,100.5519367
0,0,99.45268208
0,1,103.7890659
0,1,104.4907893
1,1,101.464537
1,0,97.60915769
0,0,97.51290271
0,0,100.4945398
1,1,104.2754557
1,1,102.6610216
1,0,97.64797535
1,1,104.7289903
1,0,100.1259648
1,0,100.0723897
1,0,99.68660378
0,1,104.8250419
1,0,97.99832348
0,1,104.4369398
1,1,102.4188706
1,1,102.500738
0,0,96.98648762
0,1,103.3596915
0,0,99.71203128
1,1,99.99078223
0,0,101.0018511
1,0,98.12388157
0,0,102.5674972
1,1,104.9345741
1,1,103.6069501
1,1,100.8389283
1,0,95.62246503
0,0,96.95313235
0,1,102.5074409
0,0,100.060882
1,0,98.2081571
0,1,103.3046731
1,1,101.8956195
0,0,101.6993775
1,1,102.8060081
0,0,100.1226741
1,1,100.5368153
1,0,99.0715217
1,1,100.7459924
0,1,102.964182
1,1,104.1060656
1,1,100.0759717
0,0,98.93434674
0,0,100.2555893
1,0,97.18817874
0,1,102.8666258
0,1,100.037211
0,0,98.16247311
1,0,101.2039765
1,1,105.2825447
1,1,103.697649
1,1,102.0827273
1,1,102.5740581
0,1,103.2092363
1,1,101.5624218
0,0,97.69356444
0,0,100.6259703
1,0,98.25149085
1,0,97.92460583
0,0,99.50232522
1,1,102.1096762
1,0,101.6910828
1,1,106.6771118
1,1,100.1223218
0,1,103.3233356
0,0,99.69232374
1,1,103.4547257
1,1,102.3818556
1,0,97.48826386
1,1,99.48151865
0,1,104.4433206
1,1,101.3488058
0,0,99.48702467
0,1,106.1280105
1,1,103.0383756
0,0,100.0691146
1,0,97.24746786
0,1,103.6123691
0,1,102.1849578
0,0,102.5051498
1,0,100.5023346
1,1,103.1714668
0,1,101.7454865
0,0,98.95010137
0,0,99.09457084
0,0,99.68460007
1,0,101.6708284
1,1,100.073373
0,0,100.5731396
1,0,98.00096119
0,1,102.8190397
0,1,105.6584391
1,1,104.4174726
1,1,101.9906745
0,0,99.93736557
0,0,95.73849437
0,1,103.3330754
0,0,99.14746548
1,1,104.6528134
1,1,103.1608968
1,1,103.7582898
0,0,98.30402692
0,0,99.21024369
0,1,102.2720357
1,0,99.27624099
0,0,99.22954379
1,1,101.807378
1,1,100.5171578
0,0,98.75465127
0,0,98.83547283
1,1,102.5399845
0,0,101.3408636
1,1,103.1894083
1,1,100.7825174
0,0,101.2706934
1,1,101.3259856
1,1,102.2855621
1,0,99.71482622
0,0,98.47869643
1,1,103.6174568
0,0,101.1422463
1,1,102.9251004
0,0,98.47722275
1,1,101.2285383
0,1,102.4187802
1,1,100.1954482
0,0,101.7124414
1,1,105.8469668
0,0,99.43921891
1,0,99.30636948
1,1,104.9660661
1,1,106.2360319
1,1,104.5731224
1,0,98.69408209
0,0,100.4093558
1,0,100.2116816
1,0,98.68970157
1,1,101.7099972
0,1,104.1554188
0,0,98.41834024
0,0,99.38267988
1,1,99.96485596
0,0,97.10970848
0,1,99.96152758
0,1,103.2974543
0,1,104.477145
1,0,98.52209116
1,1,101.6066761
0,0,97.93719203
0,0,99.72267596
1,0,97.85497518
0,0,101.1365119
0,0,101.4722263
1,1,104.4598565
1,0,100.3316125
1,1,105.3213023
1,1,102.001938
1,1,103.1799342
0,0,100.8511981
1,1,104.4600447
0,0,100.7253335
1,1,102.9524035
1,1,103.7953602
0,1,103.2595093
0,1,102.104862
1,1,102.0813006
1,1,102.1972782
0,0,101.2492384
1,0,101.5009946
1,0,99.59039912
1,1,100.8796693
0,0,97.57649858
0,1,102.8315774
1,1,102.9521914
1,0,100.8538311
1,1,101.6084013
0,0,100.418736
1,1,100.7009455
0,0,98.7262969
0,0,102.6240296
0,1,103.7582044
1,1,104.0366963
0,0,99.30232837
0,0,101.3936075
1,0,99.58151627
0,0,98.88884642
1,1,103.2342692
1,1,103.7972045
1,1,100.6241685
0,1,104.7366359
0,0,98.31975258
0,0,98.53517724
0,0,99.21481927
0,0,102.9644398
1,1,103.5194135
1,1,102.8114078
0,0,100.20779
0,1,101.7305034
1,1,100.4986544
0,0,100.6454944
1,0,98.37722069
0,0,99.92940528
0,0,99.55929282
0,0,97.63473549
0,0,100.785891
0,0,100.2662757
1,1,100.6605615
0,0,99.79666629
1,1,100.9829713
0,0,98.8234995
0,0,95.90807873
0,0,100.2878653
0,1,100.0635505
0,0,103.4758047
1,1,101.9021529
0,0,95.63313008
0,0,96.60807246
0,0,99.58609786
0,0,99.02908655
1,1,103.4515398
1,0,98.66106965
0,0,100.8825791
1,1,101.4669946
0,1,101.7675515
0,1,101.6299584
0,1,102.6346422
0,0,99.41094335
1,1,105.2447257
1,1,99.73045597
0,1,105.3014509
1,1,100.7895675
0,0,98.9756204
0,0,98.15064519
1,1,104.8445241
1,1,101.8065789
0,0,98.04378323
0,0,97.739399
0,0,97.67511161
0,0,99.53213437
1,0,96.03597642
0,0,97.56567347
0,0,98.73811343
0,1,103.1313141
1,1,102.5476802
1,1,100.1833315
1,1,103.837615
1,1,104.6677859
1,1,98.85348849
0,0,97.61559604
0,0,98.98675117
0,1,103.0471664
1,0,97.88112141
1,0,98.46300078
1,1,105.755827
1,0,99.15838029
1,1,100.574523
1,0,99.31232239
0,1,105.4242853
1,1,102.8898944
1,1,102.7844816
0,1,104.1356373
1,1,103.9141865
0,1,103.6446975
1,1,102.8828445
1,1,103.6656776
1,1,103.490996
1,1,101.9221519
1,0,96.36402913
0,0,99.45749666
0,0,98.47363802
0,0,98.9625297
0,1,103.8615335
1,1,101.471451
0,0,100.7253028
1,1,104.9105052
1,1,103.9211679
0,0,98.13604308
0,0,97.02671707
0,0,101.4713729
1,1,101.2855137
0,0,99.6424557
1,1,101.4291815
1,0,98.13575971
0,1,103.8466405
1,1,105.2092138
1,1,103.7164253
1,1,103.0817108
1,0,100.1938077
1,1,104.6125812
1,1,99.43200302
0,0,102.3655927
1,0,101.1893482
1,1,102.0654889
1,1,100.1003814
0,0,100.8604169
0,1,101.9704818
0,0,102.3692554
1,0,98.73597943
1,0,98.48890793
0,0,99.50203092
0,0,99.31097615
1,0,98.50852185
0,0,98.99229106
1,1,105.1420709
1,1,103.5225708
1,0,100.7593262
1,1,100.1681139
0,0,101.7922304
1,0,99.65205485
1,1,102.8781747
1,1,102.1672777
1,0,98.41942372
1,0,97.92401954
1,1,102.7628105
1,1,104.921509
1,1,103.3186079
0,0,99.12722311
1,0,98.22590865
0,0,99.30134944
1,0,99.22584975
1,0,100.2714407
1,0,98.99390833
0,1,104.9619648
0,0,97.06017641
0,0,100.0047461
1,1,102.2325784
1,1,102.5041785
1,1,105.0375079
1,0,101.2741194
1,1,101.8097809
1,0,98.82063125
0,0,99.20770605
0,0,99.46178451
1,0,98.21776476
0,0,97.67412834
1,0,101.3710586
1,1,102.5407094
0,1,102.2305118
1,1,104.5760422
1,0,98.23019874
1,0,98.07305031
0,0,95.88043351
0,1,101.9303619
1,0,98.33148993
0,0,98.37301826
0,0,100.2012237
0,0,99.75414645
1,1,104.3837731
1,0,98.17957452
0,0,100.1229911
1,1,101.187173
1,1,101.9661423
0,0,96.40084118
0,1,102.2029915
1,1,102.2845225
1,1,104.1546508
1,1,101.5239611
0,1,104.6216019
1,0,96.93763835
0,0,98.94836269
1,0,99.73409029
1,0,97.75019135
1,1,100.6047716
0,1,103.5653117
1,0,101.0241156
1,1,104.1328804
1,0,98.16532907
0,0,99.45531763
1,1,102.1115794
0,0,101.1880932
1,1,102.087652
0,0,99.19545262
1,1,102.5018809
0,0,100.9365386
1,1,101.9623985
1,1,102.7030486
1,1,101.6730972
0,0,96.96593495
1,1,102.9607397
1,0,98.47211509
1,1,102.0994342
0,0,101.5994687
1,0,96.31917034
0,1,103.8845104
1,1,104.4303303
1,1,102.0334233
0,0,95.9957693
0,0,98.95841982
1,0,97.19733395
1,0,100.5073453
1,0,98.54462685
0,1,104.0104519
1,1,99.54234348
0,1,104.5872484
1,1,107.0101019
1,1,101.6295798
0,0,99.67925008
1,0,99.19888593
1,1,102.6428846
0,0,100.0679032
0,1,106.7222552
1,1,102.4735549
0,0,100.1864605
1,0,99.53139623
0,0,103.0180024
1,1,105.4265576
1,1,102.168767
1,1,101.8812713
0,0,98.42441468
1,1,105.1907606
1,1,100.3845811
0,1,102.9329545
1,1,102.9838397
0,0,100.3670344
1,1,101.0260108
1,0,96.38182112
0,1,102.2514439
1,0,97.62161609
0,0,100.0503058
1,1,101.3108129
0,0,97.26575451
0,1,101.3921275
0,0,97.28128629
0,0,97.95702279
0,1,104.2256123
1,1,100.7051281
0,0,98.3049877
0,0,98.04842367
0,0,99.88366181
1,1,101.841512
0,0,101.190249
1,0,100.1897815
1,1,101.1458396
0,1,106.1723495
1,0,101.006455
0,0,100.1736087
0,0,97.08052329
0,1,104.8915464
1,1,102.4172823
1,0,99.67514649
1,0,99.49191302
0,1,105.2608606
1,0,101.1322988
1,1,102.3044087
0,0,99.39652252
1,1,100.7766087
0,0,95.20459915
0,1,103.1982789
0,0,98.49852516
0,0,98.5542991
1,1,104.2502733
1,0,101.0479567
1,1,105.196099
1,1,102.8689598
1,1,100.2118113
0,0,98.06149158
0,1,104.5298526
1,0,98.69798306
1,1,97.06214306
0,0,101.6399634
1,0,98.18550283
1,0,97.18689652
0,0,100.3564128
0,0,97.23081874
0,0,100.6563967
0,0,98.48090355
0,0,100.6352327
1,0,98.21062867
1,1,103.408387
1,1,100.2534737
0,1,102.2853417
0,0,99.6645658
0,1,102.8555629
0,0,97.17626967
0,1,103.7308155
0,1,104.7665113
1,0,99.2830499
1,0,94.58225412
0,0,98.80188555
1,1,100.5826796
0,0,99.1116377
0,0,97.59445863
0,0,96.54256119
0,0,96.21829602
0,0,99.8990444
0,0,97.44744406
0,0,95.76544325
0,1,105.6016926
1,1,99.31430828
0,0,98.79776647
1,1,100.069043
0,0,100.9275441
0,1,104.089402
1,1,101.215985
1,0,101.555562
1,1,102.5333487
1,1,102.095186
0,0,100.1528491
0,0,102.7835951
1,1,99.86832575
0,0,98.87672378
0,0,98.97295087
1,1,103.925132
1,1,99.49752368
0,0,100.1545665
1,1,102.9892309
1,0,98.44478517
1,1,103.8318989
1,1,101.2585295
0,0,97.78433641
0,1,104.9537735
1,0,100.07417
1,1,101.8940277
0,1,102.2131458
0,1,104.720894
0,0,98.8876681
0,1,102.7731949
0,0,103.3274211
1,1,100.7296614
0,1,103.042209
0,0,97.55147511
0,0,100.6239732
1,0,101.4862537
1,1,101.0336294
0,0,100.4375976
1,1,104.0924572
1,1,99.15376047
0,0,100.4916831
1,1,103.3613938
1,1,102.4207126
0,0,96.41104267
0,0,102.0121391
1,0,100.511615
1,1,103.8520745
1,1,102.6692834
0,0,98.27101429
0,0,101.1935438
1,1,100.9283688
0,1,103.426688
0,0,99.43002365
0,1,101.7938158
0,1,100.0773762
0,0,101.3680898
1,0,98.21326775
0,0,100.2381735
1,1,102.929728
0,0,97.29752959
0,1,104.6257332
0,0,99.76930686
0,0,97.78609306
1,1,103.1431882
1,1,101.9293519
0,1,103.9846306
1,1,99.43096626
0,0,95.816196
0,0,100.0683582
1,1,101.9596016
0,0,100.005483
1,0,98.77528588
1,0,98.57997198
0,0,100.6985121
0,0,101.5223926
1,1,100.6772286
1,0,98.59707941
0,1,102.576496
0,0,98.06084894
0,0,101.2470746
1,1,103.4526537
1,1,101.1628807
0,1,102.6397514
0,0,98.94569217
0,0,100.5410106
1,1,101.0907065
1,1,102.0233708
0,0,102.4868146
1,0,100.3624594
1,0,100.8584396
1,1,102.5261377
0,0,100.33157
1,1,101.515831
1,1,99.65700732
0,0,100.4279347
1,0,97.18706981
0,0,100.2879636
0,0,98.99841283
0,1,103.3476728
0,1,103.631218
0,1,102.7469688
0,0,98.1767188
0,0,98.02892895
1,1,100.5843199
0,0,97.4748066
1,0,97.69395753
1,1,101.8898299
0,0,100.9603212
1,1,104.1880048
0,0,98.92812411
0,0,101.8396548
1,1,102.6791737
1,1,101.5678263
1,1,103.076572
1,1,103.1159139
1,1,105.0605223
0,0,100.8576202
1,0,98.30232336
1,1,100.598136
0,0,98.45304281
0,0,99.87900945
0,0,101.0784931
0,0,100.2458494
1,0,99.19012451
1,1,102.0157657
1,0,97.63482989
0,0,99.6287823
1,1,100.4496658
0,0,98.65277119
0,0,100.7050972
0,1,104.0828726
1,0,98.67343002
0,0,98.62114791
0,1,104.55325
1,1,104.5828781
1,1,100.3964559
0,0,100.8139987
0,0,98.32072747
0,0,101.0380267
1,1,102.4121845
1,0,99.34225231
0,0,99.90158191
0,0,99.06502597
1,0,98.94287207
0,0,100.903095
1,0,98.22691664
0,0,97.11217968
0,0,96.42741368
0,0,96.02759138
0,0,101.8016952
1,1,104.6750237
1,1,102.7118034
1,0,97.9786557
1,1,103.0947177
1,1,100.681163
0,0,101.8581176
1,1,101.3519082
1,0,99.28733752
1,1,101.7897115
0,1,102.3513859
0,0,97.46925833
0,1,102.5423481
1,1,100.6880767
1,1,102.3266969
1,1,101.8293531
0,1,101.4932458
0,0,98.94252324
0,0,99.52046423
0,0,97.23698961
0,0,100.7792249
0,0,101.0846477
1,0,97.49213366
0,0,99.13718762
1,1,105.4419413
1,0,100.2576687
1,1,101.7345573
0,1,102.16711
0,0,99.14772688
1,0,98.52561134
1,1,100.9328141
0,0,98.03174051
0,1,105.2905161
1,1,102.8802633
1,1,101.5908901
1,1,104.4400923
0,0,101.914319
1,1,101.7669285
1,0,100.1312451
1,1,103.7405658
1,0,99.15988629
1,0,99.08045471
0,0,99.65764042
1,1,100.5264893
1,1,100.7163715
0,0,99.87615041
1,1,102.0167739
0,0,98.36086046
0,0,101.5648861
1,0,96.7091121
0,0,100.1343351
1,1,98.77888664
0,0,102.280822
1,0,98.89632699
1,1,99.70293218
0,1,102.6701673
0,0,97.90045129
0,0,99.62846213
1,1,102.4948105
0,0,100.9764742
0,0,99.92839037
1,1,101.9023146
0,0,100.8999875
1,0,99.97367369
1,0,98.02962764
1,1,102.7555096
1,0,100.4066293
1,1,103.6698877
0,0,100.1939424
0,0,100.2538749
1,1,99.59044953
0,0,98.93674015
1,0,100.7000415
1,0,98.74192505
0,0,97.30154518
1,1,102.052017
1,0,99.99426411
1,1,102.9703226
1,1,102.8320987
0,0,100.0873374
0,1,101.0251105
1,1,102.8165022
1,1,101.9523827
0,1,103.1294024
1,1,102.8835275
1,1,104.8100373
0,1,104.707545
1,1,105.096181
1,0,100.6979686
1,1,102.8078105
1,1,100.9867792
1,1,104.616852
1,1,104.4993973
0,1,100.3442945
0,1,103.6616545
0,0,101.1581241
1,0,99.11142835
1,1,101.0849087
0,0,101.5066592
0,0,95.93799199
0,1,103.3181291
0,0,98.62727472
0,0,98.23070018
1,1,101.5135142
0,1,104.4033738
0,0,99.00454159
1,1,103.1282997
0,1,104.6526021
1,0,98.26739777
0,0,96.71063315
0,1,104.5930731
1,1,99.38255209
0,1,102.1296866
1,1,105.127043
1,1,103.7068221
1,1,101.9740284
0,0,98.58570016
0,0,101.4920703
1,1,101.1050355
1,0,97.93357962
1,0,98.48653723
1,0,94.67329047
0,1,104.50781
1,1,101.8302773
1,0,97.63391863
1,0,99.83461091
1,0,102.2827884
1,1,100.1003188
0,0,99.67870022
1,1,103.9384546
1,0,98.08874643
0,0,98.71471157
0,0,99.3864923
1,0,96.16729276
0,1,102.1792164
0,1,102.4186673
1,1,99.55149594
0,0,98.57311412
0,0,100.7633994
0,0,99.11476432
0,0,97.57889023
1,1,100.8699206
0,1,104.7941908
1,1,102.4431306
1,0,96.19529375
0,1,103.1870875
1,1,101.9810952
0,1,101.9724811
0,0,100.788863
1,0,97.51163855
0,1,103.9993139
1,0,102.1861492
1,1,104.7288324
1,0,98.98727734
0,0,99.93735833
0,0,101.2906036
1,1,105.1537075
0,0,98.209445
0,0,100.4270404
1,1,102.151559
1,0,97.76079908
0,0,101.8407506
1,0,98.43954005
1,0,97.31303747
0,0,98.37763226
0,1,102.1608957
0,0,97.73358693
1,1,101.4579794
0,1,102.8295779
1,0,95.63387599
0,0,100.3680092
1,1,103.5178733
1,1,105.4798282
1,0,99.58483413
1,0,96.61829887
0,1,101.6934598
0,1,103.4646572
0,0,100.1830387
1,1,101.3926055
0,0,98.16994423
0,1,103.9815633
1,0,100.4283192
1,0,99.19522219
0,0,99.54241443
1,1,102.7029757
1,1,102.2572821
0,1,101.475487
0,1,103.9851785
0,0,98.36467198
0,0,100.5974317
1,1,102.570885
0,0,101.6119389
1,1,103.349053
1,1,101.9606547
0,0,97.02584387
1,1,102.2417646
0,0,99.94208506
0,1,104.5672735
0,0,98.8956027
1,1,102.7497952
1,0,97.73834545
1,1,104.0734238
1,1,103.8185209
0,1,102.2702622
0,0,100.4859587
0,0,100.8501174
1,1,103.4724242
1,0,101.1815371
1,0,99.39473185
0,1,104.7442342
0,0,98.99966931
1,1,104.8899406
1,1,100.7242052
0,0,98.31098875
1,1,103.6191934
1,1,101.3466978
0,0,97.05495755
0,0,97.7532127
1,0,98.46588105
1,1,101.6542695
0,0,102.7382801
1,1,103.882807
0,1,103.0728543
0,0,99.10196574
0,0,99.13956717
0,0,98.48860708
0,0,97.01752367
0,0,100.2854227
1,0,98.82626105
1,1,102.7559085
1,1,102.9064779
0,1,104.5899
0,1,102.8177544
1,1,104.6014815
1,0,98.70711925
0,1,104.0683224
1,0,100.2927413
1,1,104.7166832
1,0,98.93267484
1,1,104.0596483
1,1,104.9050231
1,0,98.31720314
0,1,104.2953315
1,1,100.4705776
1,1,101.8743121
1,1,101.388405
1,1,104.9357893
1,1,101.5566452
0,1,103.7066033
0,0,97.64236941
0,0,99.34563331
1,1,102.9507253
1,0,99.48952383
0,1,104.5902595
1,1,101.1184379
1,1,101.3969164
0,0,100.5557069
1,1,102.6468438
0,0,99.76068061
0,0,99.78185202
1,0,99.17444696
1,1,105.7466143
1,1,103.8767112
0,1,102.7274315
1,0,97.78439203
0,0,100.9813309
1,0,96.64272034
0,1,100.8619988
0,0,97.05036777
0,1,104.1582762
0,0,99.10727447
1,1,100.8178572
0,1,101.1166306
0,0,102.2542533
1,1,102.2980244
0,0,98.89481928
0,0,97.91040116
1,1,103.3632652
1,1,101.2853089
0,1,101.4328863
1,1,101.3382119
0,0,99.40060854
1,1,102.5235059
0,1,101.8406776
1,0,99.57148642
0,0,102.3769546
1,1,102.475613
0,0,100.0196158
0,1,99.25929472
0,0,98.17846253
0,1,104.3892857
0,0,102.805131
1,1,104.406906
1,1,103.2754631
1,0,99.45101786
1,0,98.53135098
0,0,99.40952126
0,0,97.80449694
0,0,98.79485349
1,0,99.14449231
1,0,97.29881459
0,0,100.7460178
1,0,96.34772973
0,1,101.6593876
0,0,102.10211
1,1,102.2117504
0,0,97.29127974
0,0,99.00432638
0,0,102.0684265
1,0,101.1783872
1,0,97.12733641
0,0,100.5702785
1,0,98.05542835
0,1,104.9097084
1,1,105.7134412
1,1,104.6782232
1,1,100.6089034
0,1,103.4559579
1,1,104.3205843
1,1,99.78150486
0,0,101.2642771
0,0,98.70852297
1,1,101.4344551
0,1,101.1473518
0,0,100.8326632
1,1,104.1966855
1,1,100.2216721
0,0,100.3963442
1,0,98.98843674
1,1,101.9749731
0,0,100.8262796
1,0,97.04339837
0,1,102.8104805
0,1,102.8679863
0,0,100.8664699
1,1,102.2165587
0,0,100.7108262
0,0,98.45114051
1,1,104.7730703
1,0,99.13138018
1,1,104.2695614
1,0,98.71226377
0,0,98.13869105
0,0,101.591004
1,1,103.7691977
0,0,98.26086822
1,1,103.1351838
0,0,100.4048692
0,0,97.26156108
0,1,101.5755346
0,0,97.66855701
0,0,97.15079122
0,0,100.2465323
1,0,99.2789847
0,0,101.0301591
0,1,101.5808434
0,0,97.61155027
0,0,100.1049968
0,0,100.6623047
1,0,97.8353571
1,1,102.4854439
0,0,100.5864711
0,1,100.9681334
1,1,103.1034328
1,1,102.5817688
1,1,100.8502879
0,1,103.6724644
1,1,103.8236183
1,1,101.4275499
1,1,102.8047546
1,1,101.6220433
0,0,100.4422568
0,0,98.14218734
0,0,101.0119836
0,0,98.46850512
1,1,103.0718872
0,1,103.7636131
1,1,103.0047129
0,1,101.8018303
0,0,100.7018135
1,0,95.92759201
0,0,99.15892281
0,0,98.89052341
1,1,101.8978391
0,1,104.2615561
1,1,102.9082445
0,0,96.05641016
0,0,100.7657536
0,0,102.81327
1,0,100.1590323
1,0,99.67687448
1,1,104.9068742
1,1,103.3610961
0,0,98.24603733
0,1,104.8870327
1,1,104.2145095
1,1,101.7474888
1,1,101.1946991
0,1,103.7011457
1,1,103.5502466
1,1,100.8184199
0,1,100.5208762
0,1,103.9879391
1,0,98.23574833
0,1,102.9001715
0,1,105.3005405
1,0,100.1267516
1,1,102.4209846
1,1,101.0660666
0,0,99.64981931
1,1,101.1771651
0,0,98.07955586
0,0,100.3624307
1,1,100.2214866
0,0,98.07019578
0,1,100.5188021
0,0,97.83358004
0,1,103.2265105
1,0,99.76430328
1,1,103.7221364
1,1,103.1143954
1,1,103.3745405
0,0,100.5552476
1,1,101.7505546
1,1,102.9375623
0,0,99.36348396
1,1,101.7717717
0,0,99.14214059
1,1,104.8940229
0,1,102.1749232
0,0,96.56015305
0,1,104.9068239
1,0,98.81715458
1,1,103.0397388
0,0,99.33041574
1,1,102.3872283
0,1,105.4410417
1,1,103.325308
1,1,103.1696344
1,1,103.699779
1,0,97.42812117
0,0,100.3525503
1,1,104.0498413
1,0,98.98257105
0,0,98.28719361
0,1,102.6004582
1,1,103.9451844
1,1,104.6201123
1,0,99.98873389
1,1,99.84588185
0,0,100.7412665
0,0,99.57957878
1,1,102.8274091
0,1,101.2807492
0,0,98.72223291
1,1,101.6967184
1,1,102.1423914
0,0,98.58356066
0,1,103.389996
1,1,101.0961254
0,0,98.89854407
1,0,97.25540767
0,0,100.0267537
1,1,102.0589846
1,1,102.1193465
0,1,104.3167436
1,1,105.7388124
1,1,101.6804783
0,1,100.458946
0,0,101.1475336
1,1,103.8308432
0,1,104.3497579
1,0,96.49568028
0,0,98.59178964
0,0,100.0508058
0,1,104.2322711
1,1,103.9237355
0,1,100.812039
0,0,100.0363739
0,0,98.76828144
0,0,98.76728057
0,0,99.33119534
0,1,104.9344023
1,0,96.69854796
1,1,99.90920684
0,0,99.6416867
1,1,104.8056836
1,1,102.5516451
0,1,103.5909897
1,0,96.32602668
0,0,96.41468473
0,0,98.42918042
0,1,103.5121092
1,0,96.90776677
0,0,97.82589346
0,0,100.9972794
1,0,98.84264364
0,0,99.08986863
0,0,97.48821786
0,0,101.7854497
1,1,103.5551713
0,0,100.594137
0,0,104.2263272
1,1,102.8312473
1,1,103.6653141
1,0,98.32838904
1,1,104.1737929
1,1,100.5308879
0,0,102.3072144
1,1,102.5143644
0,0,100.0800417
0,0,101.4572874
1,1,102.3054919
0,0,97.81028834
0,0,99.74204327
1,1,103.6488701
1,1,101.9237928
1,0,98.91736513
0,0,98.96857783
0,1,102.3050261
0,0,100.3241707
1,0,98.83541174
0,1,103.0583044
1,1,102.7281723
1,1,104.1499974
1,1,102.7425789
0,1,99.89772648
0,1,106.896561
1,1,103.6186813
0,0,101.2221341
1,1,103.7532207
1,0,99.73148572
1,0,97.77731364
1,0,99.72510373
1,1,101.9354756
1,1,101.0243443
0,0,100.2280086
1,1,101.4973384
0,1,101.8654144
0,0,99.18909854
0,0,100.7138494
1,1,100.8145921
0,1,104.9989461
1,1,102.170267
0,1,103.3691577
1,1,103.9039483
0,0,99.79064216
1,1,101.4362368
1,0,99.52378246
0,0,100.8891363
1,1,102.452463
0,0,100.6761125
0,0,99.96827372
1,0,101.615743
1,1,103.1475804
1,1,103.4732579
1,1,102.0187631
0,1,104.4164571
1,1,103.1013036
1,1,102.6053458
0,1,102.7347406
0,1,106.9994292
1,1,100.5079152
0,1,105.3365448
1,1,103.2565697
0,0,99.73398312
1,1,105.1527706
1,1,101.5781567
1,1,100.0311427
0,0,100.7678856
0,0,96.35966344
0,0,101.9401669
1,1,103.8685175
1,1,100.9970268
0,1,102.1653119
0,1,106.0854723
1,1,101.1104816
0,0,98.09510734
1,1,105.2273992
1,1,101.0681246
0,0,100.9659985
1,1,103.3579744
1,1,105.315134
1,0,99.92723851
1,1,101.1829485
0,1,101.8880684
1,1,101.6492941
0,0,100.3942357
1,1,101.1694247
0,1,103.3096009
0,1,102.4006946
0,1,103.0141437
0,1,101.694313
0,1,102.8840597
0,0,97.61383064
1,0,96.69320915
0,0,99.1037572
0,0,98.16026906
0,0,95.66646102
0,1,106.0066835
0,0,98.57941354
1,1,99.45071144
0,0,100.5607769
0,0,97.78638607
1,1,101.7908977
1,1,103.7026542
1,0,99.73334226
0,0,100.4054868
0,0,98.25342711
1,0,97.82873272
0,0,102.0991628
0,1,103.8899664
0,1,104.7001207
1,1,102.3372618
0,1,103.8668268
1,1,103.6325647
1,0,98.34388827
1,1,101.2613829
1,1,99.40477631
0,0,99.363693
1,1,103.5438765
0,0,100.83501
1,1,101.8094187
0,0,99.14489599
0,0,98.21863429
1,1,103.4125305
0,0,96.32912727
0,0,99.40199144
0,0,101.4242665
1,0,97.71604425
1,1,102.3166031
0,1,103.6780523
0,0,96.91848886
0,1,103.3005701
1,1,101.6339529
0,0,100.7553464
1,1,102.0272031
0,0,96.60364611
0,1,102.9682623
1,1,102.6591067
1,1,101.172022
0,0,99.56466104
0,0,99.08915982
0,0,98.17233942
0,1,105.0131775
1,1,102.2257733
1,0,100.6825511
0,0,97.87409531
1,1,101.6876436
0,0,98.76888127
1,1,103.1791109
1,0,97.25742149
0,0,101.200012
1,0,98.62893486
0,0,101.773744
1,0,102.0285512
1,1,103.2678526
1,0,98.70225504
1,0,100.8397093
1,0,100.349754
1,0,99.95534459
0,0,98.68477608
0,0,98.84624399
1,1,104.1920381
0,0,102.1925939
1,0,98.02664878
1,1,99.95224537
0,0,100.9899685
